step,lr,loss
1,0.00000500,8.3793
2,0.00001000,8.3709
3,0.00001500,8.3327
4,0.00002000,8.2858
5,0.00002500,8.2197
6,0.00003000,8.1519
7,0.00003500,8.0873
8,0.00004000,8.0420
9,0.00004500,7.9761
10,0.00005000,7.9254
11,0.00005500,7.8836
12,0.00006000,7.8600
13,0.00006500,7.8007
14,0.00007000,7.7653
15,0.00007500,7.7332
16,0.00008000,7.7056
17,0.00008500,7.6845
18,0.00009000,7.6523
19,0.00009500,7.6309
20,0.00010000,7.6016
21,0.00010500,7.5539
22,0.00011000,7.5240
23,0.00011500,7.5115
24,0.00012000,7.4683
25,0.00012500,7.4422
26,0.00013000,7.4123
27,0.00013500,7.3372
28,0.00014000,7.2807
29,0.00014500,7.2404
30,0.00015000,7.2061
31,0.00015500,7.1871
32,0.00016000,7.1200
33,0.00016500,7.0694
34,0.00017000,7.0262
35,0.00017500,6.9612
36,0.00018000,6.8909
37,0.00018500,6.8839
38,0.00019000,6.8305
39,0.00019500,6.7787
40,0.00020000,6.7128
41,0.00020500,6.6762
42,0.00021000,6.6249
43,0.00021500,6.5475
44,0.00022000,6.5030
45,0.00022500,6.4615
46,0.00023000,6.3890
47,0.00023500,6.3731
48,0.00024000,6.3505
49,0.00024500,6.2325
50,0.00025000,6.2471
51,0.00025500,6.1611
52,0.00026000,6.0653
53,0.00026500,6.0473
54,0.00027000,5.9679
55,0.00027500,5.9594
56,0.00028000,5.8341
57,0.00028500,5.8249
58,0.00029000,5.8542
59,0.00029500,5.7382
60,0.00030000,5.7286
61,0.00030500,5.6561
62,0.00031000,5.6548
63,0.00031500,5.5629
64,0.00032000,5.5572
65,0.00032500,5.5366
66,0.00033000,5.4560
67,0.00033500,5.2896
68,0.00034000,5.3583
69,0.00034500,5.3505
70,0.00035000,5.3743
71,0.00035500,5.3934
72,0.00036000,5.2896
73,0.00036500,5.2293
74,0.00037000,5.1355
75,0.00037500,5.1826
76,0.00038000,5.0899
77,0.00038500,5.0784
78,0.00039000,5.1299
79,0.00039500,4.8861
80,0.00040000,4.9640
81,0.00040500,5.0164
82,0.00041000,4.9236
83,0.00041500,4.8260
84,0.00042000,4.9346
85,0.00042500,4.8431
86,0.00043000,4.7802
87,0.00043500,4.7768
88,0.00044000,4.7861
89,0.00044500,4.7899
90,0.00045000,4.7771
91,0.00045500,4.6579
92,0.00046000,4.8046
93,0.00046500,4.7352
94,0.00047000,4.6403
95,0.00047500,4.5927
96,0.00048000,4.5241
97,0.00048500,4.6394
98,0.00049000,4.5436
99,0.00049500,4.4610
100,0.00050000,4.5517
101,0.00050500,4.4135
102,0.00051000,4.5216
103,0.00051500,4.4986
104,0.00052000,4.5941
105,0.00052500,4.4278
106,0.00053000,4.4156
107,0.00053500,4.2966
108,0.00054000,4.4008
109,0.00054500,4.5336
110,0.00055000,4.4614
111,0.00055500,4.3559
112,0.00056000,4.2753
113,0.00056500,4.3654
114,0.00057000,4.3331
115,0.00057500,4.2881
116,0.00058000,4.2262
117,0.00058500,4.4008
118,0.00059000,4.2068
119,0.00059500,4.2652
120,0.00060000,4.2108
121,0.00060500,4.2616
122,0.00061000,4.3550
123,0.00061500,4.1394
124,0.00062000,4.2563
125,0.00062500,4.2776
126,0.00063000,4.0879
127,0.00063500,4.2210
128,0.00064000,4.2117
129,0.00064500,4.1286
130,0.00065000,4.1430
131,0.00065500,4.1094
132,0.00066000,4.1412
133,0.00066500,4.1001
134,0.00067000,4.0789
135,0.00067500,4.2041
136,0.00068000,4.1706
137,0.00068500,4.0616
138,0.00069000,4.0530
139,0.00069500,4.0627
140,0.00070000,4.0940
141,0.00070500,4.1305
142,0.00071000,4.1015
143,0.00071500,4.1699
144,0.00072000,4.1258
145,0.00072500,4.0106
146,0.00073000,4.0105
147,0.00073500,4.1534
148,0.00074000,4.1602
149,0.00074500,3.9869
150,0.00075000,4.0261
151,0.00075500,4.0047
152,0.00076000,4.0147
153,0.00076500,4.0167
154,0.00077000,3.9738
155,0.00077500,4.0189
156,0.00078000,4.0391
157,0.00078500,4.0624
158,0.00079000,3.9603
159,0.00079500,3.9740
160,0.00080000,3.8666
161,0.00080500,3.9887
162,0.00081000,3.9282
163,0.00081500,3.8982
164,0.00082000,3.9953
165,0.00082500,3.7819
166,0.00083000,3.8683
167,0.00083500,3.8785
168,0.00084000,4.0603
169,0.00084500,3.9643
170,0.00085000,3.9054
171,0.00085500,3.8437
172,0.00086000,3.8527
173,0.00086500,3.7420
174,0.00087000,3.8924
175,0.00087500,3.7989
176,0.00088000,3.8969
177,0.00088500,3.8882
178,0.00089000,3.8623
179,0.00089500,3.8406
180,0.00090000,3.8875
181,0.00090500,3.9947
182,0.00091000,3.7515
183,0.00091500,3.8339
184,0.00092000,3.7745
185,0.00092500,3.8061
186,0.00093000,3.7448
187,0.00093500,3.9037
188,0.00094000,3.8783
189,0.00094500,3.8300
190,0.00095000,3.8260
191,0.00095500,3.7469
192,0.00096000,3.9473
193,0.00096500,3.8326
194,0.00097000,3.8614
195,0.00097500,3.7580
196,0.00098000,3.7057
197,0.00098500,3.8733
198,0.00099000,3.8001
199,0.00099500,3.7185
200,0.00100000,3.7310
201,0.00099978,3.8219
202,0.00099911,3.7196
203,0.00099800,3.8689
204,0.00099645,3.6337
205,0.00099446,3.8037
206,0.00099203,3.8081
207,0.00098916,3.6898
208,0.00098586,3.7318
209,0.00098213,3.6621
210,0.00097798,3.7944
211,0.00097340,3.6510
212,0.00096840,3.6558
213,0.00096299,3.7086
214,0.00095717,3.6894
215,0.00095095,3.8690
216,0.00094434,3.7053
217,0.00093733,3.5649
218,0.00092995,3.7064
219,0.00092219,3.8669
220,0.00091406,3.7333
221,0.00090557,3.6009
222,0.00089673,3.7451
223,0.00088755,3.7217
224,0.00087804,3.6666
225,0.00086820,3.7346
226,0.00085805,3.6297
227,0.00084759,3.5860
228,0.00083684,3.6208
229,0.00082581,3.6292
230,0.00081450,3.6740
231,0.00080294,3.6487
232,0.00079112,3.6370
233,0.00077907,3.6544
234,0.00076679,3.6401
235,0.00075430,3.6487
236,0.00074160,3.7140
237,0.00072872,3.6432
238,0.00071566,3.6117
239,0.00070243,3.6312
240,0.00068906,3.5648
241,0.00067555,3.5778
242,0.00066191,3.4525
243,0.00064816,3.5982
244,0.00063432,3.4900
245,0.00062040,3.6363
246,0.00060640,3.6037
247,0.00059235,3.5089
248,0.00057826,3.4593
249,0.00056413,3.5287
250,0.00055000,3.6288
251,0.00053587,3.5895
252,0.00052174,3.5566
253,0.00050765,3.4718
254,0.00049360,3.4941
255,0.00047960,3.5516
256,0.00046568,3.6332
257,0.00045184,3.5405
258,0.00043809,3.5191
259,0.00042445,3.5239
260,0.00041094,3.5860
261,0.00039757,3.4652
262,0.00038434,3.5311
263,0.00037128,3.5949
264,0.00035840,3.4857
265,0.00034570,3.4463
266,0.00033321,3.4262
267,0.00032093,3.4671
268,0.00030888,3.6018
269,0.00029706,3.3519
270,0.00028550,3.3754
271,0.00027419,3.5781
272,0.00026316,3.5516
273,0.00025241,3.4053
274,0.00024195,3.5061
275,0.00023180,3.4928
276,0.00022196,3.4094
277,0.00021245,3.4152
278,0.00020327,3.4355
279,0.00019443,3.4195
280,0.00018594,3.3704
281,0.00017781,3.3851
282,0.00017005,3.3706
283,0.00016267,3.5092
284,0.00015566,3.3998
285,0.00014905,3.4630
286,0.00014283,3.3579
287,0.00013701,3.3591
288,0.00013160,3.4257
289,0.00012660,3.4659
290,0.00012202,3.3608
291,0.00011787,3.4397
292,0.00011414,3.3966
293,0.00011084,3.4210
294,0.00010797,3.3552
295,0.00010554,3.2964
296,0.00010355,3.3213
297,0.00010200,3.5404
298,0.00010089,3.3732
299,0.00010022,3.4451
300,0.00010000,3.3718
