step,lr
1,0.00000500
2,0.00001000
3,0.00001500
4,0.00002000
5,0.00002500
6,0.00003000
7,0.00003500
8,0.00004000
9,0.00004500
10,0.00005000
11,0.00005500
12,0.00006000
13,0.00006500
14,0.00007000
15,0.00007500
16,0.00008000
17,0.00008500
18,0.00009000
19,0.00009500
20,0.00010000
21,0.00010500
22,0.00011000
23,0.00011500
24,0.00012000
25,0.00012500
26,0.00013000
27,0.00013500
28,0.00014000
29,0.00014500
30,0.00015000
31,0.00015500
32,0.00016000
33,0.00016500
34,0.00017000
35,0.00017500
36,0.00018000
37,0.00018500
38,0.00019000
39,0.00019500
40,0.00020000
41,0.00020500
42,0.00021000
43,0.00021500
44,0.00022000
45,0.00022500
46,0.00023000
47,0.00023500
48,0.00024000
49,0.00024500
50,0.00025000
51,0.00025500
52,0.00026000
53,0.00026500
54,0.00027000
55,0.00027500
56,0.00028000
57,0.00028500
58,0.00029000
59,0.00029500
60,0.00030000
61,0.00030500
62,0.00031000
63,0.00031500
64,0.00032000
65,0.00032500
66,0.00033000
67,0.00033500
68,0.00034000
69,0.00034500
70,0.00035000
71,0.00035500
72,0.00036000
73,0.00036500
74,0.00037000
75,0.00037500
76,0.00038000
77,0.00038500
78,0.00039000
79,0.00039500
80,0.00040000
81,0.00040500
82,0.00041000
83,0.00041500
84,0.00042000
85,0.00042500
86,0.00043000
87,0.00043500
88,0.00044000
89,0.00044500
90,0.00045000
91,0.00045500
92,0.00046000
93,0.00046500
94,0.00047000
95,0.00047500
96,0.00048000
97,0.00048500
98,0.00049000
99,0.00049500
100,0.00050000
101,0.00050500
102,0.00051000
103,0.00051500
104,0.00052000
105,0.00052500
106,0.00053000
107,0.00053500
108,0.00054000
109,0.00054500
110,0.00055000
111,0.00055500
112,0.00056000
113,0.00056500
114,0.00057000
115,0.00057500
116,0.00058000
117,0.00058500
118,0.00059000
119,0.00059500
120,0.00060000
121,0.00060500
122,0.00061000
123,0.00061500
124,0.00062000
125,0.00062500
126,0.00063000
127,0.00063500
128,0.00064000
129,0.00064500
130,0.00065000
131,0.00065500
132,0.00066000
133,0.00066500
134,0.00067000
135,0.00067500
136,0.00068000
137,0.00068500
138,0.00069000
139,0.00069500
140,0.00070000
141,0.00070500
142,0.00071000
143,0.00071500
144,0.00072000
145,0.00072500
146,0.00073000
147,0.00073500
148,0.00074000
149,0.00074500
150,0.00075000
151,0.00075500
152,0.00076000
153,0.00076500
154,0.00077000
155,0.00077500
156,0.00078000
157,0.00078500
158,0.00079000
159,0.00079500
160,0.00080000
161,0.00080500
162,0.00081000
163,0.00081500
164,0.00082000
165,0.00082500
166,0.00083000
167,0.00083500
168,0.00084000
169,0.00084500
170,0.00085000
171,0.00085500
172,0.00086000
173,0.00086500
174,0.00087000
175,0.00087500
176,0.00088000
177,0.00088500
178,0.00089000
179,0.00089500
180,0.00090000
181,0.00090500
182,0.00091000
183,0.00091500
184,0.00092000
185,0.00092500
186,0.00093000
187,0.00093500
188,0.00094000
189,0.00094500
190,0.00095000
191,0.00095500
192,0.00096000
193,0.00096500
194,0.00097000
195,0.00097500
196,0.00098000
197,0.00098500
198,0.00099000
199,0.00099500
200,0.00100000
201,0.00099978
202,0.00099911
203,0.00099800
204,0.00099645
205,0.00099446
206,0.00099203
207,0.00098916
208,0.00098586
209,0.00098213
210,0.00097798
211,0.00097340
212,0.00096840
213,0.00096299
214,0.00095717
215,0.00095095
216,0.00094434
217,0.00093733
218,0.00092995
219,0.00092219
220,0.00091406
221,0.00090557
222,0.00089673
223,0.00088755
224,0.00087804
225,0.00086820
226,0.00085805
227,0.00084759
228,0.00083684
229,0.00082581
230,0.00081450
231,0.00080294
232,0.00079112
233,0.00077907
234,0.00076679
235,0.00075430
236,0.00074160
237,0.00072872
238,0.00071566
239,0.00070243
240,0.00068906
241,0.00067555
242,0.00066191
243,0.00064816
244,0.00063432
245,0.00062040
246,0.00060640
247,0.00059235
248,0.00057826
249,0.00056413
250,0.00055000
251,0.00053587
252,0.00052174
253,0.00050765
254,0.00049360
255,0.00047960
256,0.00046568
257,0.00045184
258,0.00043809
259,0.00042445
260,0.00041094
261,0.00039757
262,0.00038434
263,0.00037128
264,0.00035840
265,0.00034570
266,0.00033321
267,0.00032093
268,0.00030888
269,0.00029706
270,0.00028550
271,0.00027419
272,0.00026316
273,0.00025241
274,0.00024195
275,0.00023180
276,0.00022196
277,0.00021245
278,0.00020327
279,0.00019443
280,0.00018594
281,0.00017781
282,0.00017005
283,0.00016267
284,0.00015566
285,0.00014905
286,0.00014283
287,0.00013701
288,0.00013160
289,0.00012660
290,0.00012202
291,0.00011787
292,0.00011414
293,0.00011084
294,0.00010797
295,0.00010554
296,0.00010355
297,0.00010200
298,0.00010089
299,0.00010022
300,0.00010000
